{
    "teachers": {
        "maeventapa": {
            "name": "Maeven L. Tapa",
            "birthday": "July 21, 2005",
            "gender": "Male",
            "password": "maeventapa",
            "email": "maeventapa@gmail.com",
            "usertype": "teacher",
            "posts": [
                {
                    "post": "hi",
                    "deadline": "July 21, 2005"
                },
                {
                    "post": "hello",
                    "deadline": "July 21, 2009"
                }
            ],
            "students": [
                {
                    "name": "Maeven L. Tapa",
                    "birthday": "July 21, 2005",
                    "email": "maeventapa@gmail.com"
                },
                {
                    "name": "Andrea L. Tapa",
                    "birthday": "November 28, 2014",
                    "email": "maeventapa@outlook.ph"
                }
            ],
            "todos": [
                {
                    "task": "hi ",
                    "progress": "hello",
                    "tags": "how are you"
                }
            ]
        }
    },
    "students": {
        "andreatapa": {
            "name": "Maria L. Tapa",
            "birthday": "November 28, 2014",
            "gender": "Male",
            "password": "Andreatapa28",
            "email": "maeventapa@outlook.ph",
            "usertype": "students",
            "posts": [
                {
                    "post": "hi ",
                    "deadline": "July 20, 2024"
                }
            ],
            "todos": [
                {
                    "task": "hi ",
                    "progress": "how are you",
                    "tags": "did you eat"
                }
            ]
        }
    }
}